rank,name,similarity_to_native
1,design_1,0.9998267365993738
2,design_2,0.9996716931075414
3,design_3,0.9994395400737766
