,native,design_1,design_2,design_3
native,0.9999999999999999,0.9998267365993738,0.9996716931075414,0.9994395400737766
design_1,0.9998267365993738,0.9999999999999992,0.9995398147087327,0.9992467055398103
design_2,0.9996716931075414,0.9995398147087327,0.9999999999999989,0.9991790039254028
design_3,0.9994395400737766,0.9992467055398103,0.9991790039254028,1.0000000000000004
